{
  "Logistic Regression": {
    "accuracy": 0.8714285714285714,
    "f1_macro": 0.49941927990708485,
    "f1_weighted": 0.8999004479840718,
    "precision_macro": 0.463768115942029,
    "recall_macro": 0.6234096692111959,
    "confusion_matrix": [
      [
        8,
        0,
        0
      ],
      [
        0,
        0,
        1
      ],
      [
        12,
        5,
        114
      ]
    ],
    "practical_metrics": {
      "total_endpoints": 140,
      "correct_predictions": 122,
      "incorrect_predictions": 18,
      "calls_without_model": 2800,
      "calls_with_model": 392,
      "calls_saved": 2408,
      "percent_calls_saved": 86.0
    }
  },
  "XGBoost": {
    "accuracy": 0.9928571428571429,
    "f1_macro": 0.6653992395437262,
    "f1_weighted": 0.9892992938620314,
    "precision_macro": 0.6641414141414141,
    "recall_macro": 0.6666666666666666,
    "confusion_matrix": [
      [
        8,
        0,
        0
      ],
      [
        0,
        0,
        1
      ],
      [
        0,
        0,
        131
      ]
    ],
    "practical_metrics": {
      "total_endpoints": 140,
      "correct_predictions": 139,
      "incorrect_predictions": 1,
      "calls_without_model": 2800,
      "calls_with_model": 154,
      "calls_saved": 2646,
      "percent_calls_saved": 94.5
    }
  },
  "Neural Network": {
    "accuracy": 0.7428571428571429,
    "f1_macro": 0.3852769177846578,
    "f1_weighted": 0.8058970956803775,
    "precision_macro": 0.39191241109246383,
    "recall_macro": 0.5776081424936387,
    "confusion_matrix": [
      [
        8,
        0,
        0
      ],
      [
        0,
        0,
        1
      ],
      [
        35,
        0,
        96
      ]
    ],
    "practical_metrics": {
      "total_endpoints": 140,
      "correct_predictions": 104,
      "incorrect_predictions": 36,
      "calls_without_model": 2800,
      "calls_with_model": 644,
      "calls_saved": 2156,
      "percent_calls_saved": 77.0
    }
  }
}