{
  "Logistic Regression": {
    "accuracy": 0.4772727272727273,
    "f1_macro": 0.5220125786163522,
    "f1_weighted": 0.3293310463121784,
    "precision_macro": 0.46491228070175444,
    "recall_macro": 0.6666666666666666,
    "confusion_matrix": [
      [
        6,
        0,
        0
      ],
      [
        0,
        0,
        23
      ],
      [
        0,
        0,
        15
      ]
    ],
    "practical_metrics": {
      "total_endpoints": 44,
      "correct_predictions": 21,
      "incorrect_predictions": 23,
      "calls_without_model": 880,
      "calls_with_model": 366,
      "calls_saved": 514,
      "percent_calls_saved": 58.409090909090914
    }
  },
  "XGBoost": {
    "accuracy": 0.36363636363636365,
    "f1_macro": 0.47222222222222215,
    "f1_weighted": 0.2784090909090909,
    "precision_macro": 0.4343434343434343,
    "recall_macro": 0.5555555555555555,
    "confusion_matrix": [
      [
        6,
        0,
        0
      ],
      [
        0,
        0,
        23
      ],
      [
        0,
        5,
        10
      ]
    ],
    "practical_metrics": {
      "total_endpoints": 44,
      "correct_predictions": 16,
      "incorrect_predictions": 28,
      "calls_without_model": 880,
      "calls_with_model": 436,
      "calls_saved": 444,
      "percent_calls_saved": 50.45454545454545
    }
  },
  "Neural Network": {
    "accuracy": 0.3409090909090909,
    "f1_macro": 0.1694915254237288,
    "f1_weighted": 0.17334360554699535,
    "precision_macro": 0.11363636363636363,
    "recall_macro": 0.3333333333333333,
    "confusion_matrix": [
      [
        0,
        0,
        6
      ],
      [
        0,
        0,
        23
      ],
      [
        0,
        0,
        15
      ]
    ],
    "practical_metrics": {
      "total_endpoints": 44,
      "correct_predictions": 15,
      "incorrect_predictions": 29,
      "calls_without_model": 880,
      "calls_with_model": 450,
      "calls_saved": 430,
      "percent_calls_saved": 48.86363636363637
    }
  }
}