Model,Accuracy,F1 (Macro),F1 (Weighted),Precision (Macro),Recall (Macro),F1 (openapi),F1 (typedef),F1 (validator)
Logistic Regression,0.4772727272727273,0.5220125786163522,0.3293310463121784,0.46491228070175444,0.6666666666666666,1.0,0.0,0.5660377358490566
XGBoost,0.36363636363636365,0.47222222222222215,0.2784090909090909,0.4343434343434343,0.5555555555555555,1.0,0.0,0.41666666666666663
Neural Network,0.3409090909090909,0.1694915254237288,0.17334360554699535,0.11363636363636363,0.3333333333333333,0.0,0.0,0.5084745762711864
