{
  "LogisticRegression": {
    "model_name": "Logistic Regression",
    "test_metrics": {
      "model_name": "LogReg_Test",
      "accuracy": 0.4772727272727273,
      "precision_macro": 0.46491228070175444,
      "recall_macro": 0.6666666666666666,
      "f1_macro": 0.5220125786163522,
      "precision_weighted": 0.270933014354067,
      "recall_weighted": 0.4772727272727273,
      "f1_weighted": 0.3293310463121784,
      "precision_openapi": 1.0,
      "recall_openapi": 1.0,
      "f1_openapi": 1.0,
      "precision_typedef": 0.0,
      "recall_typedef": 0.0,
      "f1_typedef": 0.0,
      "precision_validator": 0.39473684210526316,
      "recall_validator": 1.0,
      "f1_validator": 0.5660377358490566,
      "confusion_matrix": [
        [
          6,
          0,
          0
        ],
        [
          0,
          0,
          23
        ],
        [
          0,
          0,
          15
        ]
      ]
    },
    "train_metrics": {
      "model_name": "LogReg_Train",
      "accuracy": 1.0,
      "precision_macro": 1.0,
      "recall_macro": 1.0,
      "f1_macro": 1.0,
      "precision_weighted": 1.0,
      "recall_weighted": 1.0,
      "f1_weighted": 1.0,
      "precision_openapi": 1.0,
      "recall_openapi": 1.0,
      "f1_openapi": 1.0,
      "precision_typedef": 1.0,
      "recall_typedef": 1.0,
      "f1_typedef": 1.0,
      "precision_validator": 1.0,
      "recall_validator": 1.0,
      "f1_validator": 1.0,
      "confusion_matrix": [
        [
          132,
          0,
          0
        ],
        [
          0,
          321,
          0
        ],
        [
          0,
          0,
          343
        ]
      ]
    },
    "cv_results": {
      "cv_scores": [
        0.6621509147699177,
        1.0,
        1.0,
        1.0,
        1.0
      ],
      "cv_mean": 0.9324301829539834,
      "cv_std": 0.13513963409203295
    },
    "practical_metrics": {
      "total_endpoints": 44,
      "correct_predictions": 21,
      "incorrect_predictions": 23,
      "calls_without_model": 880,
      "calls_with_model": 366,
      "calls_saved": 514,
      "percent_calls_saved": 58.409090909090914
    },
    "feature_importance": {
      "has_openapi_spec": 1.4846076051917565,
      "openapi_file_count": 0.9821077793075546,
      "has_multiple_schema_types": 0.7773696507094,
      "has_linting": 0.7311931340154608,
      "has_lib_express-validator": 0.6103971666253672,
      "has_validators": 0.6098748635027349,
      "orm_prisma": 0.5584206806210168,
      "validator_file_count": 0.5194351933162311,
      "is_nestjs": 0.5014209785362844,
      "has_lib_class-validator": 0.5014209785362844,
      "has_type_defs": 0.49165929507312106,
      "has_typescript": 0.49165929507312106,
      "jsx_file_count": 0.47960795342335266,
      "orm_mongoose": 0.456149086081369,
      "orm_typeorm": 0.4178086740810425,
      "has_lib_joi": 0.36796990852741457,
      "typedef_file_count": 0.35248513271839044,
      "is_express": 0.3349552454815024,
      "has_lib_zod": 0.3309942492851083,
      "has_orm": 0.33098868206710313
    },
    "hyperparameters": {
      "C": 1.0,
      "solver": "lbfgs",
      "class_weight": "balanced"
    }
  }
}