{
  "LogisticRegression": {
    "model_name": "Logistic Regression",
    "test_metrics": {
      "model_name": "LogReg_Test",
      "accuracy": 0.8714285714285714,
      "precision_macro": 0.463768115942029,
      "recall_macro": 0.6234096692111959,
      "f1_macro": 0.49941927990708485,
      "precision_weighted": 0.9504347826086956,
      "recall_weighted": 0.8714285714285714,
      "f1_weighted": 0.8999004479840718,
      "precision_openapi": 0.4,
      "recall_openapi": 1.0,
      "f1_openapi": 0.5714285714285715,
      "precision_typedef": 0.0,
      "recall_typedef": 0.0,
      "f1_typedef": 0.0,
      "precision_validator": 0.991304347826087,
      "recall_validator": 0.8702290076335878,
      "f1_validator": 0.926829268292683,
      "confusion_matrix": [
        [
          8,
          0,
          0
        ],
        [
          0,
          0,
          1
        ],
        [
          12,
          5,
          114
        ]
      ]
    },
    "train_metrics": {
      "model_name": "LogReg_Train",
      "accuracy": 1.0,
      "precision_macro": 1.0,
      "recall_macro": 1.0,
      "f1_macro": 1.0,
      "precision_weighted": 1.0,
      "recall_weighted": 1.0,
      "f1_weighted": 1.0,
      "precision_openapi": 1.0,
      "recall_openapi": 1.0,
      "f1_openapi": 1.0,
      "precision_typedef": 1.0,
      "recall_typedef": 1.0,
      "f1_typedef": 1.0,
      "precision_validator": 1.0,
      "recall_validator": 1.0,
      "f1_validator": 1.0,
      "confusion_matrix": [
        [
          138,
          0,
          0
        ],
        [
          0,
          151,
          0
        ],
        [
          0,
          0,
          387
        ]
      ]
    },
    "cv_results": {
      "cv_scores": [
        0.3337301587301587,
        1.0,
        1.0,
        1.0,
        0.6543014068787265
      ],
      "cv_mean": 0.7976063131217771,
      "cv_std": 0.2678085122735894
    },
    "practical_metrics": {
      "total_endpoints": 140,
      "correct_predictions": 122,
      "incorrect_predictions": 18,
      "calls_without_model": 2800,
      "calls_with_model": 392,
      "calls_saved": 2408,
      "percent_calls_saved": 86.0
    },
    "feature_importance": {
      "has_openapi_spec": 1.3310173946765456,
      "has_multiple_schema_types": 0.9395221961251644,
      "has_validators": 0.8594498911499437,
      "openapi_file_count": 0.8365913890953891,
      "has_type_defs": 0.794177965393635,
      "has_lib_zod": 0.6040243787279788,
      "typedef_file_count": 0.5980267163010033,
      "avg_lines_per_file": 0.5414285312867172,
      "has_readme": 0.42016392219062143,
      "dev_dependency_count": 0.40309392899198554,
      "validator_file_count": 0.396860911841415,
      "has_auth": 0.3965976629889179,
      "has_typescript": 0.3891902557182764,
      "orm_typeorm": 0.38573070596424536,
      "has_validation": 0.3798469699073384,
      "has_linting": 0.367040153298011,
      "has_orm": 0.36516223908874973,
      "is_nestjs": 0.33512095550647,
      "has_lib_class-validator": 0.33512095550647,
      "has_lib_joi": 0.31789006844269596
    },
    "hyperparameters": {
      "C": 1.0,
      "solver": "lbfgs",
      "class_weight": "balanced"
    }
  }
}