{
  "XGBoost": {
    "model_name": "XGBoost",
    "test_metrics": {
      "model_name": "XGBoost_Test",
      "accuracy": 0.9928571428571429,
      "precision_macro": 0.6641414141414141,
      "recall_macro": 0.6666666666666666,
      "f1_macro": 0.6653992395437262,
      "precision_weighted": 0.9857683982683982,
      "recall_weighted": 0.9928571428571429,
      "f1_weighted": 0.9892992938620314,
      "precision_openapi": 1.0,
      "recall_openapi": 1.0,
      "f1_openapi": 1.0,
      "precision_typedef": 0.0,
      "recall_typedef": 0.0,
      "f1_typedef": 0.0,
      "precision_validator": 0.9924242424242424,
      "recall_validator": 1.0,
      "f1_validator": 0.9961977186311787,
      "confusion_matrix": [
        [
          8,
          0,
          0
        ],
        [
          0,
          0,
          1
        ],
        [
          0,
          0,
          131
        ]
      ]
    },
    "train_metrics": {
      "model_name": "XGBoost_Train",
      "accuracy": 1.0,
      "precision_macro": 1.0,
      "recall_macro": 1.0,
      "f1_macro": 1.0,
      "precision_weighted": 1.0,
      "recall_weighted": 1.0,
      "f1_weighted": 1.0,
      "precision_openapi": 1.0,
      "recall_openapi": 1.0,
      "f1_openapi": 1.0,
      "precision_typedef": 1.0,
      "recall_typedef": 1.0,
      "f1_typedef": 1.0,
      "precision_validator": 1.0,
      "recall_validator": 1.0,
      "f1_validator": 1.0,
      "confusion_matrix": [
        [
          138,
          0,
          0
        ],
        [
          0,
          151,
          0
        ],
        [
          0,
          0,
          387
        ]
      ]
    },
    "cv_results": {
      "cv_scores": [
        0.6576086956521738,
        1.0,
        1.0,
        1.0,
        0.7133706033077102
      ],
      "cv_mean": 0.8741958597919768,
      "cv_std": 0.15508372440317003
    },
    "practical_metrics": {
      "total_endpoints": 140,
      "correct_predictions": 139,
      "incorrect_predictions": 1,
      "calls_without_model": 2800,
      "calls_with_model": 154,
      "calls_saved": 2646,
      "percent_calls_saved": 94.5
    },
    "feature_importance": {
      "openapi_file_count": 0.13928253266644544,
      "jsx_file_count": 0.11799259242281497,
      "typedef_file_count": 0.10512176773830165,
      "total_lines_of_code": 0.09625539518880148,
      "has_openapi_spec": 0.08675290670174564,
      "has_lib_express-validator": 0.049764389602620175,
      "orm_prisma": 0.04037997122074746,
      "has_try_catch": 0.03805133099337501,
      "has_multiple_schema_types": 0.03398241002441732,
      "has_testing": 0.030079139792638543,
      "total_files": 0.0297486841539439,
      "endpoints_per_1000_lines": 0.027206841068711265,
      "typescript_ratio": 0.026110466981365734,
      "total_source_files": 0.023544253850073946,
      "has_db_models": 0.01866085253606263,
      "js_file_count": 0.01782305468764305,
      "avg_lines_per_file": 0.012455987434646727,
      "query_param_count": 0.01173674913564234,
      "readme_length": 0.009531916915493856,
      "dev_dependency_count": 0.008955199549789475
    },
    "hyperparameters": {
      "n_estimators": 100,
      "max_depth": 6,
      "learning_rate": 0.1,
      "subsample": 0.8,
      "colsample_bytree": 0.8
    }
  }
}