{
  "XGBoost": {
    "model_name": "XGBoost",
    "test_metrics": {
      "model_name": "XGBoost_Test",
      "accuracy": 0.36363636363636365,
      "precision_macro": 0.4343434343434343,
      "recall_macro": 0.5555555555555555,
      "f1_macro": 0.47222222222222215,
      "precision_weighted": 0.23966942148760334,
      "recall_weighted": 0.36363636363636365,
      "f1_weighted": 0.2784090909090909,
      "precision_openapi": 1.0,
      "recall_openapi": 1.0,
      "f1_openapi": 1.0,
      "precision_typedef": 0.0,
      "recall_typedef": 0.0,
      "f1_typedef": 0.0,
      "precision_validator": 0.30303030303030304,
      "recall_validator": 0.6666666666666666,
      "f1_validator": 0.41666666666666663,
      "confusion_matrix": [
        [
          6,
          0,
          0
        ],
        [
          0,
          0,
          23
        ],
        [
          0,
          5,
          10
        ]
      ]
    },
    "train_metrics": {
      "model_name": "XGBoost_Train",
      "accuracy": 1.0,
      "precision_macro": 1.0,
      "recall_macro": 1.0,
      "f1_macro": 1.0,
      "precision_weighted": 1.0,
      "recall_weighted": 1.0,
      "f1_weighted": 1.0,
      "precision_openapi": 1.0,
      "recall_openapi": 1.0,
      "f1_openapi": 1.0,
      "precision_typedef": 1.0,
      "recall_typedef": 1.0,
      "f1_typedef": 1.0,
      "precision_validator": 1.0,
      "recall_validator": 1.0,
      "f1_validator": 1.0,
      "confusion_matrix": [
        [
          132,
          0,
          0
        ],
        [
          0,
          321,
          0
        ],
        [
          0,
          0,
          343
        ]
      ]
    },
    "cv_results": {
      "cv_scores": [
        0.890554282019632,
        1.0,
        1.0,
        1.0,
        0.8921505690107967
      ],
      "cv_mean": 0.9565409702060859,
      "cv_std": 0.053228617483063616
    },
    "practical_metrics": {
      "total_endpoints": 44,
      "correct_predictions": 16,
      "incorrect_predictions": 28,
      "calls_without_model": 880,
      "calls_with_model": 436,
      "calls_saved": 444,
      "percent_calls_saved": 50.45454545454545
    },
    "feature_importance": {
      "typedef_file_count": 0.20764803298015466,
      "has_lib_express-validator": 0.11443730947113082,
      "openapi_file_count": 0.10054372992638974,
      "jsx_file_count": 0.09847838552894728,
      "endpoints_per_1000_lines": 0.08502494707325707,
      "js_file_count": 0.07721652717553035,
      "has_openapi_spec": 0.0755867716052893,
      "has_linting": 0.03993410603240465,
      "orm_prisma": 0.03134069784399087,
      "readme_length": 0.029375048744853607,
      "dev_dependency_count": 0.026075103818858945,
      "dependency_count": 0.022779438095382996,
      "total_files": 0.02026260441586482,
      "total_lines_of_code": 0.011856787987665554,
      "has_validators": 0.011809900072517424,
      "total_dependency_count": 0.011028968526922294,
      "total_source_files": 0.009575279894583557,
      "validator_file_count": 0.008531748336324663,
      "has_testing": 0.0044972050684453915,
      "avg_lines_per_file": 0.0036055823353420393
    },
    "hyperparameters": {
      "n_estimators": 100,
      "max_depth": 6,
      "learning_rate": 0.1,
      "subsample": 0.8,
      "colsample_bytree": 0.8
    }
  }
}